{
  "parent": "game:diary",
  "textures": {
    "text": "game:level_1/diary_page_2b"
  },
  "display": {
    "firstperson_righthand": {
			"rotation": [69.88888888888889, -180, 0],
			"translation": [-9, 14.727777777777778, 0]
		},
		"firstperson_lefthand": {
			"rotation": [69.88888888888889, -180, 0],
			"translation": [-9, 14.727777777777778, 0]
		}
  }
}