{
  "parent": "game:diary",
  "textures": {
    "text": "game:level_1/diary_page_2a"
  },
  "display": {
    "firstperson_righthand": {
			"rotation": [81.22222222222221, -180, 0],
			"translation": [-9, 15.494444444444444, 0]
		},
		"firstperson_lefthand": {
			"rotation": [81.22222222222221, -180, 0],
			"translation": [-9, 15.494444444444444, 0]
		}
  }
}