{
  "parent": "game:diary",
  "textures": {
    "text": "game:level_1/diary_page_1"
  },
  "display": {
    "firstperson_righthand": {
			"rotation": [79.33333333333333, -180, 0],
			"translation": [-9, 15.366666666666667, 0]
		},
		"firstperson_lefthand": {
			"rotation": [79.33333333333333, -180, 0],
			"translation": [-9, 15.366666666666667, 0]
		}
  }
}