{
  "parent": "game:diary",
  "textures": {
    "text": "game:level_2/diary_page_2b"
  },
  "display": {
    "firstperson_righthand": {
			"rotation": [20.77777777777778, -180, 0],
			"translation": [-9, 11.405555555555555, 0]
		},
		"firstperson_lefthand": {
			"rotation": [20.77777777777778, -180, 0],
			"translation": [-9, 11.405555555555555, 0]
		}
  }
}