{
  "parent": "game:diary",
  "textures": {
    "text": "game:level_2/diary_page_2a"
  },
  "display": {
    "firstperson_righthand": {
			"rotation": [52.888888888888886, -180, 0],
			"translation": [-9, 13.577777777777778, 0]
		},
		"firstperson_lefthand": {
			"rotation": [52.888888888888886, -180, 0],
			"translation": [-9, 13.577777777777778, 0]
		}
  }
}