{
  "parent": "game:diary",
  "textures": {
    "text": "game:level_2/diary_page_2a"
  },
  "display": {
    "firstperson_righthand": {
			"rotation": [15.11111111111111, -180, 0],
			"translation": [-9, 11.022222222222222, 0]
		},
		"firstperson_lefthand": {
			"rotation": [15.11111111111111, -180, 0],
			"translation": [-9, 11.022222222222222, 0]
		}
  }
}