{
  "parent": "game:diary",
  "textures": {
    "text": "game:diary_test"
  },
  "display": {
    "firstperson_righthand": {
			"rotation": [26.444444444444443, -180, 0],
			"translation": [-9, 11.788888888888888, 0]
		},
		"firstperson_lefthand": {
			"rotation": [26.444444444444443, -180, 0],
			"translation": [-9, 11.788888888888888, 0]
		}
  }
}