{
  "parent": "game:diary",
  "textures": {
    "text": "game:diary_test"
  },
  "display": {
    "firstperson_righthand": {
			"rotation": [28.333333333333332, -180, 0],
			"translation": [-9, 11.916666666666666, 0]
		},
		"firstperson_lefthand": {
			"rotation": [28.333333333333332, -180, 0],
			"translation": [-9, 11.916666666666666, 0]
		}
  }
}