{
  "parent": "game:diary",
  "textures": {
    "text": "game:diary_test"
  },
  "display": {
    "firstperson_righthand": {
			"rotation": [30.22222222222222, -180, 0],
			"translation": [-9, 12.044444444444444, 0]
		},
		"firstperson_lefthand": {
			"rotation": [30.22222222222222, -180, 0],
			"translation": [-9, 12.044444444444444, 0]
		}
  }
}