{
  "parent": "game:diary",
  "textures": {
    "text": "game:diary_test"
  },
  "display": {
    "firstperson_righthand": {
			"rotation": [32.11111111111111, -180, 0],
			"translation": [-9, 12.172222222222222, 0]
		},
		"firstperson_lefthand": {
			"rotation": [32.11111111111111, -180, 0],
			"translation": [-9, 12.172222222222222, 0]
		}
  }
}