{
  "parent": "game:diary",
  "textures": {
    "text": "game:diary_test"
  },
  "display": {
    "firstperson_righthand": {
			"rotation": [54.77777777777778, -180, 0],
			"translation": [-9, 13.705555555555556, 0]
		},
		"firstperson_lefthand": {
			"rotation": [54.77777777777778, -180, 0],
			"translation": [-9, 13.705555555555556, 0]
		}
  }
}