{
  "parent": "game:diary",
  "textures": {
    "text": "game:diary_test"
  },
  "display": {
    "firstperson_righthand": {
			"rotation": [62.33333333333333, -180, 0],
			"translation": [-9, 14.216666666666667, 0]
		},
		"firstperson_lefthand": {
			"rotation": [62.33333333333333, -180, 0],
			"translation": [-9, 14.216666666666667, 0]
		}
  }
}