{
  "parent": "game:diary",
  "textures": {
    "text": "game:diary_test"
  },
  "display": {
    "firstperson_righthand": {
			"rotation": [7.555555555555555, -180, 0],
			"translation": [-9, 10.511111111111111, 0]
		},
		"firstperson_lefthand": {
			"rotation": [7.555555555555555, -180, 0],
			"translation": [-9, 10.511111111111111, 0]
		}
  }
}