{
  "parent": "game:diary",
  "textures": {
    "text": "game:diary_test"
  },
  "display": {
    "firstperson_righthand": {
			"rotation": [9.444444444444445, -180, 0],
			"translation": [-9, 10.63888888888889, 0]
		},
		"firstperson_lefthand": {
			"rotation": [9.444444444444445, -180, 0],
			"translation": [-9, 10.63888888888889, 0]
		}
  }
}