{
  "parent": "game:diary",
  "textures": {
    "text": "game:level_1/diary_page_2"
  },
  "display": {
    "firstperson_righthand": {
			"rotation": [60.44444444444444, -180, 0],
			"translation": [-9, 14.088888888888889, 0]
		},
		"firstperson_lefthand": {
			"rotation": [60.44444444444444, -180, 0],
			"translation": [-9, 14.088888888888889, 0]
		}
  }
}